feature,importance
Cyst Growth Rate cm/month,0.3514235577805564
Cyst Size cm,0.23944452014415935
CA 125 Level,0.12180011462666236
Ultrasound Features,0.09364105789371921
Age,0.08682329231733689
Fatigue,0.045917984922455336
Irregular periods,0.03936515589505225
Nausea,0.020763709084752547
Pelvic pain,0.0008206073353056676
Menopause Status,0.0
Bloating,0.0
